user_genome,classification,domain,phylum,class,order,family,genus,species
GCA_003019785.1_ASM301978v1_genomic,d__Bacteria;p__Fusobacteriota;c__Fusobacteriia;o__Fusobacteriales;f__Fusobacteriaceae;g__Fusobacterium;s__Fusobacterium nucleatum,d__Bacteria,p__Fusobacteriota,c__Fusobacteriia,o__Fusobacteriales,f__Fusobacteriaceae,g__Fusobacterium,s__Fusobacterium nucleatum
GCA_003150435.1_ASM315043v1_genomic,d__Bacteria;p__Firmicutes_A;c__Clostridia;o__Monoglobales;f__Monoglobaceae;g__Monoglobus;s__Monoglobus pectinilyticus,d__Bacteria,p__Firmicutes_A,c__Clostridia,o__Monoglobales,f__Monoglobaceae,g__Monoglobus,s__Monoglobus pectinilyticus
GCA_009739385.1_ASM973938v1_genomic,d__Bacteria;p__Firmicutes_A;c__Clostridia;o__Oscillospirales;f__Ruminococcaceae;g__Gemmiger;s__Gemmiger sp900539695,d__Bacteria,p__Firmicutes_A,c__Clostridia,o__Oscillospirales,f__Ruminococcaceae,g__Gemmiger,s__Gemmiger sp900539695
GCA_009739395.1_ASM973939v1_genomic,d__Bacteria;p__Firmicutes_A;c__Clostridia;o__Oscillospirales;f__Oscillospiraceae;g__Dysosmobacter;s__Dysosmobacter welbionis,d__Bacteria,p__Firmicutes_A,c__Clostridia,o__Oscillospirales,f__Oscillospiraceae,g__Dysosmobacter,s__Dysosmobacter welbionis
GCA_018375095.1_ASM1837509v1_genomic,d__Bacteria;p__Firmicutes_A;c__Clostridia;o__Lachnospirales;f__Lachnospiraceae;g__Anaerostipes;s__Anaerostipes caccae,d__Bacteria,p__Firmicutes_A,c__Clostridia,o__Lachnospirales,f__Lachnospiraceae,g__Anaerostipes,s__Anaerostipes caccae
GCA_018382695.1_ASM1838269v1_genomic,d__Bacteria;p__Firmicutes_A;c__Clostridia;o__Lachnospirales;f__Lachnospiraceae;g__Blautia_A;s__Blautia_A caecimuris,d__Bacteria,p__Firmicutes_A,c__Clostridia,o__Lachnospirales,f__Lachnospiraceae,g__Blautia_A,s__Blautia_A caecimuris
GCA_019417325.1_ASM1941732v1_genomic,d__Bacteria;p__Bacteroidota;c__Bacteroidia;o__Bacteroidales;f__Tannerellaceae;g__Parabacteroides;s__,d__Bacteria,p__Bacteroidota,c__Bacteroidia,o__Bacteroidales,f__Tannerellaceae,g__Parabacteroides,s__
GCA_021628675.1_ASM2162867v1_genomic,d__Bacteria;p__Bacteroidota;c__Bacteroidia;o__Bacteroidales;f__Bacteroidaceae;g__Phocaeicola;s__Phocaeicola sp000434735,d__Bacteria,p__Bacteroidota,c__Bacteroidia,o__Bacteroidales,f__Bacteroidaceae,g__Phocaeicola,s__Phocaeicola sp000434735
GCA_022010015.1_ASM2201001v1_genomic,d__Bacteria;p__Firmicutes;c__Bacilli;o__Acholeplasmatales;f__Anaeroplasmataceae;g__;s__,d__Bacteria,p__Firmicutes,c__Bacilli,o__Acholeplasmatales,f__Anaeroplasmataceae,g__,s__
GCA_022453685.1_ASM2245368v1_genomic,d__Bacteria;p__Firmicutes_A;c__Clostridia;o__Lachnospirales;f__Lachnospiraceae;g__Agathobacter;s__Agathobacter rectalis,d__Bacteria,p__Firmicutes_A,c__Clostridia,o__Lachnospirales,f__Lachnospiraceae,g__Agathobacter,s__Agathobacter rectalis
GCA_022482415.1_ASM2248241v1_genomic,d__Bacteria;p__Firmicutes_C;c__Negativicutes;o__Veillonellales;f__Megasphaeraceae;g__Megasphaera;s__Megasphaera sp000417505,d__Bacteria,p__Firmicutes_C,c__Negativicutes,o__Veillonellales,f__Megasphaeraceae,g__Megasphaera,s__Megasphaera sp000417505
GCA_024235795.1_ASM2423579v1_genomic,d__Bacteria;p__Proteobacteria;c__Gammaproteobacteria;o__Burkholderiales;f__Nitrosomonadaceae;g__Nitrosomonas;s__,d__Bacteria,p__Proteobacteria,c__Gammaproteobacteria,o__Burkholderiales,f__Nitrosomonadaceae,g__Nitrosomonas,s__
GCA_025146925.1_ASM2514692v1_genomic,d__Bacteria;p__Firmicutes_A;c__Clostridia;o__Lachnospirales;f__Lachnospiraceae;g__Bacteroides_F;s__Bacteroides_F pectinophilus,d__Bacteria,p__Firmicutes_A,c__Clostridia,o__Lachnospirales,f__Lachnospiraceae,g__Bacteroides_F,s__Bacteroides_F pectinophilus
GCA_025150425.1_ASM2515042v1_genomic,d__Bacteria;p__Firmicutes_A;c__Clostridia;o__Oscillospirales;f__Ruminococcaceae;g__Ruminiclostridium_E;s__Ruminiclostridium_E siraeum,d__Bacteria,p__Firmicutes_A,c__Clostridia,o__Oscillospirales,f__Ruminococcaceae,g__Ruminiclostridium_E,s__Ruminiclostridium_E siraeum
GCA_027682515.1_ASM2768251v1_genomic,d__Bacteria;p__Firmicutes_A;c__Clostridia;o__Oscillospirales;f__Acutalibacteraceae;g__Clostridium_A;s__Clostridium_A leptum,d__Bacteria,p__Firmicutes_A,c__Clostridia,o__Oscillospirales,f__Acutalibacteraceae,g__Clostridium_A,s__Clostridium_A leptum
GCA_902167885.1_B.longum_ssp_infantis_6_mod2_genomic,d__Bacteria;p__Actinobacteriota;c__Actinomycetia;o__Actinomycetales;f__Bifidobacteriaceae;g__Bifidobacterium;s__Bifidobacterium infantis,d__Bacteria,p__Actinobacteriota,c__Actinomycetia,o__Actinomycetales,f__Bifidobacteriaceae,g__Bifidobacterium,s__Bifidobacterium infantis
GCA_902374025.1_MGYG-HGUT-01332_genomic,d__Bacteria;p__Firmicutes_A;c__Clostridia;o__Oscillospirales;f__Ruminococcaceae;g__Massilioclostridium;s__Massilioclostridium methylpentosum,d__Bacteria,p__Firmicutes_A,c__Clostridia,o__Oscillospirales,f__Ruminococcaceae,g__Massilioclostridium,s__Massilioclostridium methylpentosum
GCF_000005845.2_ASM584v2_genomic,d__Bacteria;p__Proteobacteria;c__Gammaproteobacteria;o__Enterobacterales;f__Enterobacteriaceae;g__Escherichia;s__Escherichia coli,d__Bacteria,p__Proteobacteria,c__Gammaproteobacteria,o__Enterobacterales,f__Enterobacteriaceae,g__Escherichia,s__Escherichia coli
GCF_000006945.2_ASM694v2_genomic,d__Bacteria;p__Proteobacteria;c__Gammaproteobacteria;o__Enterobacterales;f__Enterobacteriaceae;g__Salmonella;s__Salmonella enterica,d__Bacteria,p__Proteobacteria,c__Gammaproteobacteria,o__Enterobacterales,f__Enterobacteriaceae,g__Salmonella,s__Salmonella enterica
GCF_000025305.1_ASM2530v1_genomic,d__Bacteria;p__Firmicutes_C;c__Negativicutes;o__Acidaminococcales;f__Acidaminococcaceae;g__Acidaminococcus;s__Acidaminococcus fermentans,d__Bacteria,p__Firmicutes_C,c__Negativicutes,o__Acidaminococcales,f__Acidaminococcaceae,g__Acidaminococcus,s__Acidaminococcus fermentans
GCF_000143845.1_ASM14384v1_genomic,d__Bacteria;p__Actinobacteriota;c__Coriobacteriia;o__Coriobacteriales;f__Atopobiaceae;g__Olsenella;s__Olsenella uli,d__Bacteria,p__Actinobacteriota,c__Coriobacteriia,o__Coriobacteriales,f__Atopobiaceae,g__Olsenella,s__Olsenella uli
GCF_000144625.1_ASM14462v1_genomic,d__Bacteria;p__Firmicutes_A;c__Clostridia;o__Lachnospirales;f__Lachnospiraceae;g__Lacrimispora;s__Lacrimispora saccharolytica,d__Bacteria,p__Firmicutes_A,c__Clostridia,o__Lachnospirales,f__Lachnospiraceae,g__Lacrimispora,s__Lacrimispora saccharolytica
GCF_000146185.1_ASM14618v1_genomic,d__Bacteria;p__Firmicutes_A;c__Clostridia;o__Lachnospirales;f__Lachnospiraceae;g__Lachnospira;s__Lachnospira eligens,d__Bacteria,p__Firmicutes_A,c__Clostridia,o__Lachnospirales,f__Lachnospiraceae,g__Lachnospira,s__Lachnospira eligens
GCF_000154385.1_ASM15438v1_genomic,d__Bacteria;p__Firmicutes_A;c__Clostridia;o__Oscillospirales;f__Ruminococcaceae;g__Faecalibacterium;s__Faecalibacterium prausnitzii,d__Bacteria,p__Firmicutes_A,c__Clostridia,o__Oscillospirales,f__Ruminococcaceae,g__Faecalibacterium,s__Faecalibacterium prausnitzii
GCF_000154465.1_ASM15446v1_genomic,d__Bacteria;p__Bacteroidota;c__Bacteroidia;o__Bacteroidales;f__Rikenellaceae;g__Alistipes;s__Alistipes putredinis,d__Bacteria,p__Bacteroidota,c__Bacteroidia,o__Bacteroidales,f__Rikenellaceae,g__Alistipes,s__Alistipes putredinis
GCF_000154525.1_ASM15452v1_genomic,d__Bacteria;p__Bacteroidota;c__Bacteroidia;o__Bacteroidales;f__Bacteroidaceae;g__Bacteroides;s__Bacteroides stercoris,d__Bacteria,p__Bacteroidota,c__Bacteroidia,o__Bacteroidales,f__Bacteroidaceae,g__Bacteroides,s__Bacteroides stercoris
GCF_000154825.1_ASM15482v1_genomic,d__Bacteria;p__Firmicutes_A;c__Clostridia;o__Eubacteriales;f__Anaerofustaceae;g__Anaerofustis;s__Anaerofustis stercorihominis,d__Bacteria,p__Firmicutes_A,c__Clostridia,o__Eubacteriales,f__Anaerofustaceae,g__Anaerofustis,s__Anaerofustis stercorihominis
GCF_000154845.1_ASM15484v1_genomic,d__Bacteria;p__Bacteroidota;c__Bacteroidia;o__Bacteroidales;f__Bacteroidaceae;g__Phocaeicola;s__Phocaeicola coprocola,d__Bacteria,p__Bacteroidota,c__Bacteroidia,o__Bacteroidales,f__Bacteroidaceae,g__Phocaeicola,s__Phocaeicola coprocola
GCF_000155515.2_ASM15551v2_genomic,d__Bacteria;p__Firmicutes;c__Bacilli;o__Lactobacillales;f__Lactobacillaceae;g__Lacticaseibacillus;s__Lacticaseibacillus paracasei,d__Bacteria,p__Firmicutes,c__Bacilli,o__Lactobacillales,f__Lactobacillaceae,g__Lacticaseibacillus,s__Lacticaseibacillus paracasei
GCF_000160055.1_ASM16005v1_genomic,d__Bacteria;p__Firmicutes_C;c__Negativicutes;o__Veillonellales;f__Dialisteraceae;g__Dialister;s__Dialister invisus,d__Bacteria,p__Firmicutes_C,c__Negativicutes,o__Veillonellales,f__Dialisteraceae,g__Dialister,s__Dialister invisus
GCF_000169235.1_ASM16923v1_genomic,d__Bacteria;p__Firmicutes_A;c__Clostridia;o__Lachnospirales;f__Lachnospiraceae;g__Dorea;s__Dorea formicigenerans,d__Bacteria,p__Firmicutes_A,c__Clostridia,o__Lachnospirales,f__Lachnospiraceae,g__Dorea,s__Dorea formicigenerans
GCF_000178115.2_ASM17811v2_genomic,d__Bacteria;p__Firmicutes_A;c__Clostridia;o__Oscillospirales;f__Ethanoligenenaceae;g__Ethanoligenens;s__Ethanoligenens harbinense,d__Bacteria,p__Firmicutes_A,c__Clostridia,o__Oscillospirales,f__Ethanoligenenaceae,g__Ethanoligenens,s__Ethanoligenens harbinense
GCF_000179635.2_ASM17963v2_genomic,d__Bacteria;p__Firmicutes_A;c__Clostridia;o__Oscillospirales;f__Ruminococcaceae;g__Ruminococcus_D;s__Ruminococcus_D albus,d__Bacteria,p__Firmicutes_A,c__Clostridia,o__Oscillospirales,f__Ruminococcaceae,g__Ruminococcus_D,s__Ruminococcus_D albus
GCF_000185705.2_Bilo_wads_3_1_6_V2_genomic,d__Bacteria;p__Desulfobacterota_I;c__Desulfovibrionia;o__Desulfovibrionales;f__Desulfovibrionaceae;g__Bilophila;s__Bilophila wadsworthia,d__Bacteria,p__Desulfobacterota_I,c__Desulfovibrionia,o__Desulfovibrionales,f__Desulfovibrionaceae,g__Bilophila,s__Bilophila wadsworthia
GCF_000196555.1_ASM19655v1_genomic,d__Bacteria;p__Actinobacteriota;c__Actinomycetia;o__Actinomycetales;f__Bifidobacteriaceae;g__Bifidobacterium;s__Bifidobacterium longum,d__Bacteria,p__Actinobacteriota,c__Actinomycetia,o__Actinomycetales,f__Bifidobacteriaceae,g__Bifidobacterium,s__Bifidobacterium longum
GCF_000224985.1_ASM22498v1_genomic,d__Bacteria;p__Firmicutes;c__Bacilli;o__Lactobacillales;f__Lactobacillaceae;g__Ligilactobacillus;s__Ligilactobacillus ruminis,d__Bacteria,p__Firmicutes,c__Bacilli,o__Lactobacillales,f__Lactobacillaceae,g__Ligilactobacillus,s__Ligilactobacillus ruminis
GCF_000307345.1_Para_merd_CL03T12C32_V1_genomic,d__Bacteria;p__Bacteroidota;c__Bacteroidia;o__Bacteroidales;f__Tannerellaceae;g__Parabacteroides;s__Parabacteroides merdae,d__Bacteria,p__Bacteroidota,c__Bacteroidia,o__Bacteroidales,f__Tannerellaceae,g__Parabacteroides,s__Parabacteroides merdae
GCF_000393015.1_Ente_faec_T5_V1_genomic,d__Bacteria;p__Firmicutes;c__Bacilli;o__Lactobacillales;f__Enterococcaceae;g__Enterococcus;s__Enterococcus faecalis,d__Bacteria,p__Firmicutes,c__Bacilli,o__Lactobacillales,f__Enterococcaceae,g__Enterococcus,s__Enterococcus faecalis
GCF_000425005.1_ASM42500v1_genomic,d__Bacteria;p__Firmicutes;c__Bacilli;o__Erysipelotrichales;f__Erysipelotrichaceae;g__Bulleidia;s__Bulleidia moorei,d__Bacteria,p__Firmicutes,c__Bacilli,o__Erysipelotrichales,f__Erysipelotrichaceae,g__Bulleidia,s__Bulleidia moorei
GCF_000478885.1_ASM47888v1_genomic,d__Bacteria;p__Actinobacteriota;c__Coriobacteriia;o__Coriobacteriales;f__Eggerthellaceae;g__Adlercreutzia;s__Adlercreutzia equolifaciens,d__Bacteria,p__Actinobacteriota,c__Coriobacteriia,o__Coriobacteriales,f__Eggerthellaceae,g__Adlercreutzia,s__Adlercreutzia equolifaciens
GCF_000518765.1_ASM51876v1_genomic,d__Bacteria;p__Firmicutes_A;c__Clostridia;o__Oscillospirales;f__Ruminococcaceae;g__Ruminococcus;s__Ruminococcus flavefaciens,d__Bacteria,p__Firmicutes_A,c__Clostridia,o__Oscillospirales,f__Ruminococcaceae,g__Ruminococcus,s__Ruminococcus flavefaciens
GCF_000614125.1_ASM61412v1_genomic,d__Bacteria;p__Bacteroidota;c__Bacteroidia;o__Bacteroidales;f__Bacteroidaceae;g__Bacteroides;s__Bacteroides rodentium,d__Bacteria,p__Bacteroidota,c__Bacteroidia,o__Bacteroidales,f__Bacteroidaceae,g__Bacteroides,s__Bacteroides rodentium
GCF_001025195.1_ASM102519v1_genomic,d__Bacteria;p__Actinobacteriota;c__Actinomycetia;o__Actinomycetales;f__Bifidobacteriaceae;g__Bifidobacterium;s__Bifidobacterium catenulatum,d__Bacteria,p__Actinobacteriota,c__Actinomycetia,o__Actinomycetales,f__Bifidobacteriaceae,g__Bifidobacterium,s__Bifidobacterium catenulatum
GCF_001281425.1_ASM128142v1_genomic,d__Bacteria;p__Actinobacteriota;c__Actinomycetia;o__Actinomycetales;f__Bifidobacteriaceae;g__Bifidobacterium;s__Bifidobacterium breve,d__Bacteria,p__Actinobacteriota,c__Actinomycetia,o__Actinomycetales,f__Bifidobacteriaceae,g__Bifidobacterium,s__Bifidobacterium breve
GCF_001314995.1_ASM131499v1_genomic,d__Bacteria;p__Bacteroidota;c__Bacteroidia;o__Bacteroidales;f__Bacteroidaceae;g__Bacteroides;s__Bacteroides ovatus,d__Bacteria,p__Bacteroidota,c__Bacteroidia,o__Bacteroidales,f__Bacteroidaceae,g__Bacteroides,s__Bacteroides ovatus
GCF_001404635.1_13414_6_35_genomic,d__Bacteria;p__Firmicutes_A;c__Clostridia;o__Lachnospirales;f__Lachnospiraceae;g__Dorea_A;s__Dorea_A longicatena,d__Bacteria,p__Firmicutes_A,c__Clostridia,o__Lachnospirales,f__Lachnospiraceae,g__Dorea_A,s__Dorea_A longicatena
GCF_001404935.1_13414_6_41_genomic,d__Bacteria;p__Firmicutes_A;c__Clostridia;o__Lachnospirales;f__Lachnospiraceae;g__Blautia_A;s__Blautia_A hydrogenotrophica,d__Bacteria,p__Firmicutes_A,c__Clostridia,o__Lachnospirales,f__Lachnospiraceae,g__Blautia_A,s__Blautia_A hydrogenotrophica
GCF_001940005.1_ASM194000v1_genomic,d__Bacteria;p__Firmicutes_A;c__Clostridia;o__Oscillospirales;f__Oscillospiraceae;g__Intestinimonas;s__Intestinimonas butyriciproducens,d__Bacteria,p__Firmicutes_A,c__Clostridia,o__Oscillospirales,f__Oscillospiraceae,g__Intestinimonas,s__Intestinimonas butyriciproducens
GCF_002222595.2_ASM222259v2_genomic,d__Bacteria;p__Firmicutes_A;c__Clostridia;o__Lachnospirales;f__Lachnospiraceae;g__Blautia;s__Blautia hansenii,d__Bacteria,p__Firmicutes_A,c__Clostridia,o__Lachnospirales,f__Lachnospiraceae,g__Blautia,s__Blautia hansenii
GCF_002234575.2_ASM223457v2_genomic,d__Bacteria;p__Firmicutes_A;c__Clostridia;o__Lachnospirales;f__Lachnospiraceae;g__Enterocloster;s__Enterocloster bolteae,d__Bacteria,p__Firmicutes_A,c__Clostridia,o__Lachnospirales,f__Lachnospiraceae,g__Enterocloster,s__Enterocloster bolteae
GCF_002393505.1_ASM239350v1_genomic,d__Bacteria;p__Proteobacteria;c__Gammaproteobacteria;o__Enterobacterales;f__Enterobacteriaceae;g__Providencia;s__Providencia alcalifaciens,d__Bacteria,p__Proteobacteria,c__Gammaproteobacteria,o__Enterobacterales,f__Enterobacteriaceae,g__Providencia,s__Providencia alcalifaciens
GCF_002504285.1_ASM250428v1_genomic,d__Bacteria;p__Proteobacteria;c__Gammaproteobacteria;o__Enterobacterales;f__Enterobacteriaceae;g__Edwardsiella;s__Edwardsiella tarda,d__Bacteria,p__Proteobacteria,c__Gammaproteobacteria,o__Enterobacterales,f__Enterobacteriaceae,g__Edwardsiella,s__Edwardsiella tarda
GCF_002736145.1_ASM273614v1_genomic,d__Bacteria;p__Actinobacteriota;c__Coriobacteriia;o__Coriobacteriales;f__Coriobacteriaceae;g__Collinsella;s__Collinsella aerofaciens_A,d__Bacteria,p__Actinobacteriota,c__Coriobacteriia,o__Coriobacteriales,f__Coriobacteriaceae,g__Collinsella,s__Collinsella aerofaciens_A
GCF_002834225.1_ASM283422v1_genomic,d__Bacteria;p__Firmicutes_A;c__Clostridia;o__Oscillospirales;f__Acutalibacteraceae;g__Ruminococcus_E;s__Ruminococcus_E bromii,d__Bacteria,p__Firmicutes_A,c__Clostridia,o__Oscillospirales,f__Acutalibacteraceae,g__Ruminococcus_E,s__Ruminococcus_E bromii
GCF_002871895.1_ASM287189v1_genomic,d__Bacteria;p__Firmicutes_A;c__Clostridia;o__Tissierellales;f__Peptoniphilaceae;g__Anaerococcus;s__Anaerococcus hydrogenalis,d__Bacteria,p__Firmicutes_A,c__Clostridia,o__Tissierellales,f__Peptoniphilaceae,g__Anaerococcus,s__Anaerococcus hydrogenalis
GCF_003030905.1_ASM303090v1_genomic,d__Bacteria;p__Actinobacteriota;c__Actinomycetia;o__Actinomycetales;f__Bifidobacteriaceae;g__Bifidobacterium;s__Bifidobacterium adolescentis,d__Bacteria,p__Actinobacteriota,c__Actinomycetia,o__Actinomycetales,f__Bifidobacteriaceae,g__Bifidobacterium,s__Bifidobacterium adolescentis
GCF_003096415.1_ASM309641v1_genomic,d__Bacteria;p__Verrucomicrobiota;c__Lentisphaeria;o__Victivallales;f__Victivallaceae;g__Victivallis;s__Victivallis vadensis,d__Bacteria,p__Verrucomicrobiota,c__Lentisphaeria,o__Victivallales,f__Victivallaceae,g__Victivallis,s__Victivallis vadensis
GCF_003204135.1_ASM320413v1_genomic,d__Bacteria;p__Proteobacteria;c__Gammaproteobacteria;o__Enterobacterales;f__Enterobacteriaceae;g__Providencia;s__Providencia rettgeri,d__Bacteria,p__Proteobacteria,c__Gammaproteobacteria,o__Enterobacterales,f__Enterobacteriaceae,g__Providencia,s__Providencia rettgeri
GCF_003459085.1_ASM345908v1_genomic,d__Bacteria;p__Firmicutes;c__Bacilli;o__Erysipelotrichales;f__Erysipelotrichaceae;g__Holdemania;s__Holdemania filiformis,d__Bacteria,p__Firmicutes,c__Bacilli,o__Erysipelotrichales,f__Erysipelotrichaceae,g__Holdemania,s__Holdemania filiformis
GCF_003464225.1_ASM346422v1_genomic,d__Bacteria;p__Firmicutes;c__Bacilli;o__Erysipelotrichales;f__Erysipelotrichaceae;g__Holdemanella;s__Holdemanella biformis,d__Bacteria,p__Firmicutes,c__Bacilli,o__Erysipelotrichales,f__Erysipelotrichaceae,g__Holdemanella,s__Holdemanella biformis
GCF_003468995.1_ASM346899v1_genomic,d__Bacteria;p__Firmicutes_A;c__Clostridia;o__Lachnospirales;f__Lachnospiraceae;g__Blautia_A;s__Blautia_A obeum,d__Bacteria,p__Firmicutes_A,c__Clostridia,o__Lachnospirales,f__Lachnospiraceae,g__Blautia_A,s__Blautia_A obeum
GCF_003470435.1_ASM347043v1_genomic,d__Bacteria;p__Firmicutes_A;c__Clostridia;o__Lachnospirales;f__Lachnospiraceae;g__Mediterraneibacter;s__Mediterraneibacter torques,d__Bacteria,p__Firmicutes_A,c__Clostridia,o__Lachnospirales,f__Lachnospiraceae,g__Mediterraneibacter,s__Mediterraneibacter torques
GCF_003475105.1_ASM347510v1_genomic,d__Bacteria;p__Firmicutes_A;c__Clostridia;o__Lachnospirales;f__Lachnospiraceae;g__Eubacterium_G;s__Eubacterium_G ventriosum,d__Bacteria,p__Firmicutes_A,c__Clostridia,o__Lachnospirales,f__Lachnospiraceae,g__Eubacterium_G,s__Eubacterium_G ventriosum
GCF_003703885.1_ASM370388v1_genomic,d__Bacteria;p__Firmicutes;c__Bacilli;o__Lactobacillales;f__Lactobacillaceae;g__Limosilactobacillus;s__Limosilactobacillus reuteri,d__Bacteria,p__Firmicutes,c__Bacilli,o__Lactobacillales,f__Lactobacillaceae,g__Limosilactobacillus,s__Limosilactobacillus reuteri
GCF_005844135.1_ASM584413v1_genomic,d__Bacteria;p__Firmicutes_A;c__Clostridia;o__Lachnospirales;f__Lachnospiraceae;g__Extibacter;s__Extibacter hylemonae,d__Bacteria,p__Firmicutes_A,c__Clostridia,o__Lachnospirales,f__Lachnospiraceae,g__Extibacter,s__Extibacter hylemonae
GCF_006542645.1_Aond_1.0_genomic,d__Bacteria;p__Bacteroidota;c__Bacteroidia;o__Bacteroidales;f__Rikenellaceae;g__Alistipes;s__Alistipes onderdonkii,d__Bacteria,p__Bacteroidota,c__Bacteroidia,o__Bacteroidales,f__Rikenellaceae,g__Alistipes,s__Alistipes onderdonkii
GCF_008571395.1_ASM857139v1_genomic,d__Bacteria;p__Bacteroidota;c__Bacteroidia;o__Bacteroidales;f__Bacteroidaceae;g__Bacteroides;s__Bacteroides finegoldii,d__Bacteria,p__Bacteroidota,c__Bacteroidia,o__Bacteroidales,f__Bacteroidaceae,g__Bacteroides,s__Bacteroides finegoldii
GCF_008632235.1_ASM863223v1_genomic,d__Bacteria;p__Firmicutes_A;c__Clostridia;o__Lachnospirales;f__Lachnospiraceae;g__Clostridium_Q;s__Clostridium_Q symbiosum,d__Bacteria,p__Firmicutes_A,c__Clostridia,o__Lachnospirales,f__Lachnospiraceae,g__Clostridium_Q,s__Clostridium_Q symbiosum
GCF_009721605.1_ASM972160v1_genomic,d__Bacteria;p__Firmicutes_A;c__Clostridia;o__Lachnospirales;f__Lachnospiraceae;g__Hungatella;s__Hungatella sp005845265,d__Bacteria,p__Firmicutes_A,c__Clostridia,o__Lachnospirales,f__Lachnospiraceae,g__Hungatella,s__Hungatella sp005845265
GCF_009731575.1_ASM973157v1_genomic,d__Bacteria;p__Verrucomicrobiota;c__Verrucomicrobiae;o__Verrucomicrobiales;f__Akkermansiaceae;g__Akkermansia;s__Akkermansia muciniphila,d__Bacteria,p__Verrucomicrobiota,c__Verrucomicrobiae,o__Verrucomicrobiales,f__Akkermansiaceae,g__Akkermansia,s__Akkermansia muciniphila
GCF_009831375.1_ASM983137v1_genomic,d__Bacteria;p__Firmicutes_A;c__Clostridia;o__Lachnospirales;f__Lachnospiraceae;g__Ruminococcus_B;s__Ruminococcus_B gnavus,d__Bacteria,p__Firmicutes_A,c__Clostridia,o__Lachnospirales,f__Lachnospiraceae,g__Ruminococcus_B,s__Ruminococcus_B gnavus
GCF_012273055.1_ASM1227305v1_genomic,d__Bacteria;p__Bacteroidota;c__Bacteroidia;o__Bacteroidales;f__Tannerellaceae;g__Parabacteroides;s__Parabacteroides distasonis,d__Bacteria,p__Bacteroidota,c__Bacteroidia,o__Bacteroidales,f__Tannerellaceae,g__Parabacteroides,s__Parabacteroides distasonis
GCF_013300945.1_ASM1330094v1_genomic,d__Bacteria;p__Firmicutes_A;c__Clostridia;o__Lachnospirales;f__Lachnospiraceae;g__Faecalimonas;s__Faecalimonas phoceensis,d__Bacteria,p__Firmicutes_A,c__Clostridia,o__Lachnospirales,f__Lachnospiraceae,g__Faecalimonas,s__Faecalimonas phoceensis
GCF_014131755.1_ASM1413175v1_genomic,d__Bacteria;p__Bacteroidota;c__Bacteroidia;o__Bacteroidales;f__Bacteroidaceae;g__Bacteroides;s__Bacteroides thetaiotaomicron,d__Bacteria,p__Bacteroidota,c__Bacteroidia,o__Bacteroidales,f__Bacteroidaceae,g__Bacteroides,s__Bacteroides thetaiotaomicron
GCF_014163495.1_ASM1416349v1_genomic,d__Bacteria;p__Bacteroidota;c__Bacteroidia;o__Bacteroidales;f__Rikenellaceae;g__Alistipes_A;s__Alistipes_A indistinctus,d__Bacteria,p__Bacteroidota,c__Bacteroidia,o__Bacteroidales,f__Rikenellaceae,g__Alistipes_A,s__Alistipes_A indistinctus
GCF_015548275.1_ASM1554827v1_genomic,d__Bacteria;p__Bacteroidota;c__Bacteroidia;o__Bacteroidales;f__Rikenellaceae;g__Alistipes;s__Alistipes finegoldii,d__Bacteria,p__Bacteroidota,c__Bacteroidia,o__Bacteroidales,f__Rikenellaceae,g__Alistipes,s__Alistipes finegoldii
GCF_015558405.1_ASM1555840v1_genomic,d__Bacteria;p__Bacteroidota;c__Bacteroidia;o__Bacteroidales;f__Rikenellaceae;g__Alistipes;s__Alistipes shahii,d__Bacteria,p__Bacteroidota,c__Bacteroidia,o__Bacteroidales,f__Rikenellaceae,g__Alistipes,s__Alistipes shahii
GCF_015669135.1_ASM1566913v1_genomic,d__Bacteria;p__Firmicutes_A;c__Clostridia;o__Lachnospirales;f__Lachnospiraceae;g__Blautia_A;s__Blautia_A luti,d__Bacteria,p__Firmicutes_A,c__Clostridia,o__Lachnospirales,f__Lachnospiraceae,g__Blautia_A,s__Blautia_A luti
GCF_016728785.1_ASM1672878v1_genomic,d__Bacteria;p__Firmicutes;c__Bacilli;o__Erysipelotrichales;f__Coprobacillaceae;g__Erysipelatoclostridium;s__Erysipelatoclostridium ramosum,d__Bacteria,p__Firmicutes,c__Bacilli,o__Erysipelotrichales,f__Coprobacillaceae,g__Erysipelatoclostridium,s__Erysipelatoclostridium ramosum
GCF_016888945.1_ASM1688894v1_genomic,d__Bacteria;p__Bacteroidota;c__Bacteroidia;o__Bacteroidales;f__Bacteroidaceae;g__Phocaeicola;s__Phocaeicola coprophilus,d__Bacteria,p__Bacteroidota,c__Bacteroidia,o__Bacteroidales,f__Bacteroidaceae,g__Phocaeicola,s__Phocaeicola coprophilus
GCF_016889065.1_ASM1688906v1_genomic,d__Bacteria;p__Bacteroidota;c__Bacteroidia;o__Bacteroidales;f__Marinifilaceae;g__Butyricimonas;s__Butyricimonas virosa,d__Bacteria,p__Bacteroidota,c__Bacteroidia,o__Bacteroidales,f__Marinifilaceae,g__Butyricimonas,s__Butyricimonas virosa
GCF_016889925.1_ASM1688992v1_genomic,d__Bacteria;p__Bacteroidota;c__Bacteroidia;o__Bacteroidales;f__Bacteroidaceae;g__Bacteroides;s__Bacteroides fragilis,d__Bacteria,p__Bacteroidota,c__Bacteroidia,o__Bacteroidales,f__Bacteroidaceae,g__Bacteroides,s__Bacteroides fragilis
GCF_016894205.1_ASM1689420v1_genomic,d__Bacteria;p__Bacteroidota;c__Bacteroidia;o__Bacteroidales;f__Bacteroidaceae;g__Bacteroides;s__Bacteroides eggerthii,d__Bacteria,p__Bacteroidota,c__Bacteroidia,o__Bacteroidales,f__Bacteroidaceae,g__Bacteroides,s__Bacteroides eggerthii
GCF_016904155.1_ASM1690415v1_genomic,d__Bacteria;p__Firmicutes_A;c__Clostridia;o__Lachnospirales;f__Lachnospiraceae;g__Bariatricus;s__Bariatricus comes,d__Bacteria,p__Firmicutes_A,c__Clostridia,o__Lachnospirales,f__Lachnospiraceae,g__Bariatricus,s__Bariatricus comes
GCF_018140635.1_ASM1814063v1_genomic,d__Bacteria;p__Firmicutes_A;c__Clostridia;o__Lachnospirales;f__Lachnospiraceae;g__Anaerobutyricum;s__Anaerobutyricum hallii,d__Bacteria,p__Firmicutes_A,c__Clostridia,o__Lachnospirales,f__Lachnospiraceae,g__Anaerobutyricum,s__Anaerobutyricum hallii
GCF_018289135.1_ASM1828913v1_genomic,d__Bacteria;p__Bacteroidota;c__Bacteroidia;o__Bacteroidales;f__Bacteroidaceae;g__Bacteroides;s__Bacteroides xylanisolvens,d__Bacteria,p__Bacteroidota,c__Bacteroidia,o__Bacteroidales,f__Bacteroidaceae,g__Bacteroides,s__Bacteroides xylanisolvens
GCF_018292125.1_ASM1829212v1_genomic,d__Bacteria;p__Bacteroidota;c__Bacteroidia;o__Bacteroidales;f__Bacteroidaceae;g__Bacteroides;s__Bacteroides cellulosilyticus,d__Bacteria,p__Bacteroidota,c__Bacteroidia,o__Bacteroidales,f__Bacteroidaceae,g__Bacteroides,s__Bacteroides cellulosilyticus
GCF_018292165.1_ASM1829216v1_genomic,d__Bacteria;p__Bacteroidota;c__Bacteroidia;o__Bacteroidales;f__Bacteroidaceae;g__Bacteroides;s__Bacteroides uniformis,d__Bacteria,p__Bacteroidota,c__Bacteroidia,o__Bacteroidales,f__Bacteroidaceae,g__Bacteroides,s__Bacteroides uniformis
GCF_018292205.1_ASM1829220v1_genomic,d__Bacteria;p__Bacteroidota;c__Bacteroidia;o__Bacteroidales;f__Bacteroidaceae;g__Bacteroides;s__Bacteroides caccae,d__Bacteria,p__Bacteroidota,c__Bacteroidia,o__Bacteroidales,f__Bacteroidaceae,g__Bacteroides,s__Bacteroides caccae
GCF_018885085.1_ASM1888508v1_genomic,d__Bacteria;p__Firmicutes_A;c__Clostridia;o__Peptostreptococcales;f__Peptostreptococcaceae;g__Clostridioides;s__Clostridioides difficile,d__Bacteria,p__Firmicutes_A,c__Clostridia,o__Peptostreptococcales,f__Peptostreptococcaceae,g__Clostridioides,s__Clostridioides difficile
GCF_019042115.1_ASM1904211v1_genomic,d__Bacteria;p__Actinobacteriota;c__Actinomycetia;o__Actinomycetales;f__Bifidobacteriaceae;g__Bifidobacterium;s__Bifidobacterium ruminantium,d__Bacteria,p__Actinobacteriota,c__Actinomycetia,o__Actinomycetales,f__Bifidobacteriaceae,g__Bifidobacterium,s__Bifidobacterium ruminantium
GCF_019665745.1_ASM1966574v1_genomic,d__Bacteria;p__Proteobacteria;c__Gammaproteobacteria;o__Enterobacterales;f__Enterobacteriaceae;g__Enterobacter;s__Enterobacter cancerogenus,d__Bacteria,p__Proteobacteria,c__Gammaproteobacteria,o__Enterobacterales,f__Enterobacteriaceae,g__Enterobacter,s__Enterobacter cancerogenus
GCF_019931005.1_ASM1993100v1_genomic,d__Bacteria;p__Firmicutes;c__Bacilli;o__Lactobacillales;f__Aerococcaceae;g__Granulicatella;s__Granulicatella adiacens,d__Bacteria,p__Firmicutes,c__Bacilli,o__Lactobacillales,f__Aerococcaceae,g__Granulicatella,s__Granulicatella adiacens
GCF_020138775.1_ASM2013877v1_genomic,d__Bacteria;p__Firmicutes_A;c__Clostridia;o__Clostridiales;f__Clostridiaceae;g__Clostridium_P;s__Clostridium_P perfringens,d__Bacteria,p__Firmicutes_A,c__Clostridia,o__Clostridiales,f__Clostridiaceae,g__Clostridium_P,s__Clostridium_P perfringens
GCF_020181435.1_ASM2018143v1_genomic,d__Bacteria;p__Firmicutes_A;c__Clostridia;o__Lachnospirales;f__Lachnospiraceae;g__Anaerostipes;s__Anaerostipes caccae,d__Bacteria,p__Firmicutes_A,c__Clostridia,o__Lachnospirales,f__Lachnospiraceae,g__Anaerostipes,s__Anaerostipes caccae
GCF_020341675.1_ASM2034167v1_genomic,d__Bacteria;p__Bacteroidota;c__Bacteroidia;o__Bacteroidales;f__Bacteroidaceae;g__Bacteroides;s__Bacteroides intestinalis,d__Bacteria,p__Bacteroidota,c__Bacteroidia,o__Bacteroidales,f__Bacteroidaceae,g__Bacteroides,s__Bacteroides intestinalis
GCF_020450145.1_ASM2045014v1_genomic,d__Bacteria;p__Firmicutes_A;c__Clostridia;o__Clostridiales;f__Clostridiaceae;g__Clostridium_F;s__Clostridium_F sporogenes,d__Bacteria,p__Firmicutes_A,c__Clostridia,o__Clostridiales,f__Clostridiaceae,g__Clostridium_F,s__Clostridium_F sporogenes
GCF_020463755.1_ASM2046375v1_genomic,d__Bacteria;p__Firmicutes;c__Bacilli;o__Lactobacillales;f__Streptococcaceae;g__Lactococcus;s__Lactococcus lactis,d__Bacteria,p__Firmicutes,c__Bacilli,o__Lactobacillales,f__Streptococcaceae,g__Lactococcus,s__Lactococcus lactis
GCF_020541885.1_ASM2054188v1_genomic,d__Bacteria;p__Actinobacteriota;c__Actinomycetia;o__Actinomycetales;f__Bifidobacteriaceae;g__Bifidobacterium;s__Bifidobacterium pseudocatenulatum,d__Bacteria,p__Actinobacteriota,c__Actinomycetia,o__Actinomycetales,f__Bifidobacteriaceae,g__Bifidobacterium,s__Bifidobacterium pseudocatenulatum
GCF_020731525.1_ASM2073152v1_genomic,d__Bacteria;p__Firmicutes_A;c__Clostridia;o__Lachnospirales;f__Lachnospiraceae;g__Roseburia;s__Roseburia inulinivorans,d__Bacteria,p__Firmicutes_A,c__Clostridia,o__Lachnospirales,f__Lachnospiraceae,g__Roseburia,s__Roseburia inulinivorans
GCF_020735445.1_ASM2073544v1_genomic,d__Bacteria;p__Bacteroidota;c__Bacteroidia;o__Bacteroidales;f__Bacteroidaceae;g__Prevotella;s__Prevotella copri,d__Bacteria,p__Bacteroidota,c__Bacteroidia,o__Bacteroidales,f__Bacteroidaceae,g__Prevotella,s__Prevotella copri
GCF_020735465.1_ASM2073546v1_genomic,d__Bacteria;p__Actinobacteriota;c__Coriobacteriia;o__Coriobacteriales;f__Coriobacteriaceae;g__Collinsella;s__Collinsella stercoris,d__Bacteria,p__Actinobacteriota,c__Coriobacteriia,o__Coriobacteriales,f__Coriobacteriaceae,g__Collinsella,s__Collinsella stercoris
GCF_020735565.1_ASM2073556v1_genomic,d__Bacteria;p__Bacteroidota;c__Bacteroidia;o__Bacteroidales;f__Bacteroidaceae;g__Prevotella;s__Prevotella buccalis,d__Bacteria,p__Bacteroidota,c__Bacteroidia,o__Bacteroidales,f__Bacteroidaceae,g__Prevotella,s__Prevotella buccalis
GCF_020735705.1_ASM2073570v1_genomic,d__Bacteria;p__Firmicutes_A;c__Clostridia;o__Lachnospirales;f__Lachnospiraceae;g__Coprococcus;s__Coprococcus eutactus,d__Bacteria,p__Firmicutes_A,c__Clostridia,o__Lachnospirales,f__Lachnospiraceae,g__Coprococcus,s__Coprococcus eutactus
GCF_020735865.1_ASM2073586v1_genomic,d__Bacteria;p__Bacteroidota;c__Bacteroidia;o__Bacteroidales;f__Tannerellaceae;g__Parabacteroides;s__Parabacteroides johnsonii,d__Bacteria,p__Bacteroidota,c__Bacteroidia,o__Bacteroidales,f__Tannerellaceae,g__Parabacteroides,s__Parabacteroides johnsonii
GCF_020736405.1_ASM2073640v1_genomic,d__Bacteria;p__Bacteroidota;c__Bacteroidia;o__Bacteroidales;f__Marinifilaceae;g__Odoribacter;s__Odoribacter splanchnicus,d__Bacteria,p__Bacteroidota,c__Bacteroidia,o__Bacteroidales,f__Marinifilaceae,g__Odoribacter,s__Odoribacter splanchnicus
GCF_020885855.1_ASM2088585v1_genomic,d__Bacteria;p__Bacteroidota;c__Bacteroidia;o__Bacteroidales;f__Bacteroidaceae;g__Phocaeicola;s__Phocaeicola vulgatus,d__Bacteria,p__Bacteroidota,c__Bacteroidia,o__Bacteroidales,f__Bacteroidaceae,g__Phocaeicola,s__Phocaeicola vulgatus
GCF_020892115.1_ASM2089211v1_genomic,d__Bacteria;p__Firmicutes_A;c__Clostridia;o__Lachnospirales;f__Lachnospiraceae;g__Clostridium_AP;s__Clostridium_AP scindens,d__Bacteria,p__Firmicutes_A,c__Clostridia,o__Lachnospirales,f__Lachnospiraceae,g__Clostridium_AP,s__Clostridium_AP scindens
GCF_021378605.1_ASM2137860v1_genomic,d__Bacteria;p__Actinobacteriota;c__Coriobacteriia;o__Coriobacteriales;f__Eggerthellaceae;g__Eggerthella;s__Eggerthella lenta,d__Bacteria,p__Actinobacteriota,c__Coriobacteriia,o__Coriobacteriales,f__Eggerthellaceae,g__Eggerthella,s__Eggerthella lenta
GCF_022369495.1_ASM2236949v1_genomic,d__Bacteria;p__Proteobacteria;c__Gammaproteobacteria;o__Enterobacterales;f__Enterobacteriaceae;g__Proteus;s__Proteus penneri,d__Bacteria,p__Proteobacteria,c__Gammaproteobacteria,o__Enterobacterales,f__Enterobacteriaceae,g__Proteus,s__Proteus penneri
GCF_023008305.1_ASM2300830v1_genomic,d__Bacteria;p__Firmicutes_A;c__Clostridia;o__Oscillospirales;f__Ruminococcaceae;g__Anaerotruncus;s__Anaerotruncus colihominis,d__Bacteria,p__Firmicutes_A,c__Clostridia,o__Oscillospirales,f__Ruminococcaceae,g__Anaerotruncus,s__Anaerotruncus colihominis
GCF_023547145.1_ASM2354714v1_genomic,d__Bacteria;p__Proteobacteria;c__Gammaproteobacteria;o__Enterobacterales;f__Enterobacteriaceae;g__Providencia;s__Providencia vermicola_A,d__Bacteria,p__Proteobacteria,c__Gammaproteobacteria,o__Enterobacterales,f__Enterobacteriaceae,g__Providencia,s__Providencia vermicola_A
GCF_025144665.1_ASM2514466v1_genomic,d__Bacteria;p__Bacteroidota;c__Bacteroidia;o__Bacteroidales;f__Rikenellaceae;g__Alistipes_A;s__Alistipes_A ihumii,d__Bacteria,p__Bacteroidota,c__Bacteroidia,o__Bacteroidales,f__Rikenellaceae,g__Alistipes_A,s__Alistipes_A ihumii
GCF_025148125.1_ASM2514812v1_genomic,d__Bacteria;p__Firmicutes_A;c__Clostridia;o__Lachnospirales;f__Lachnospiraceae;g__Blautia_A;s__Blautia_A wexlerae,d__Bacteria,p__Firmicutes_A,c__Clostridia,o__Lachnospirales,f__Lachnospiraceae,g__Blautia_A,s__Blautia_A wexlerae
GCF_025148285.1_ASM2514828v1_genomic,d__Bacteria;p__Firmicutes_A;c__Clostridia;o__Lachnospirales;f__Lachnospiraceae;g__Marvinbryantia;s__Marvinbryantia formatexigens,d__Bacteria,p__Firmicutes_A,c__Clostridia,o__Lachnospirales,f__Lachnospiraceae,g__Marvinbryantia,s__Marvinbryantia formatexigens
GCF_025149125.1_ASM2514912v1_genomic,d__Bacteria;p__Firmicutes_A;c__Clostridia;o__Lachnospirales;f__Lachnospiraceae;g__Enterocloster;s__Enterocloster asparagiformis,d__Bacteria,p__Firmicutes_A,c__Clostridia,o__Lachnospirales,f__Lachnospiraceae,g__Enterocloster,s__Enterocloster asparagiformis
GCF_025151995.1_ASM2515199v1_genomic,d__Bacteria;p__Firmicutes_A;c__Clostridia;o__Lachnospirales;f__Lachnospiraceae;g__Ruminococcus_G;s__Ruminococcus_G gauvreauii,d__Bacteria,p__Firmicutes_A,c__Clostridia,o__Lachnospirales,f__Lachnospiraceae,g__Ruminococcus_G,s__Ruminococcus_G gauvreauii
GCF_025152405.1_ASM2515240v1_genomic,d__Bacteria;p__Firmicutes_A;c__Clostridia;o__Lachnospirales;f__Lachnospiraceae;g__Mediterraneibacter;s__Mediterraneibacter lactaris,d__Bacteria,p__Firmicutes_A,c__Clostridia,o__Lachnospirales,f__Lachnospiraceae,g__Mediterraneibacter,s__Mediterraneibacter lactaris
GCF_025152575.1_ASM2515257v1_genomic,d__Bacteria;p__Firmicutes_A;c__Clostridia;o__Oscillospirales;f__Ruminococcaceae;g__Gemmiger;s__Gemmiger variabilis,d__Bacteria,p__Firmicutes_A,c__Clostridia,o__Oscillospirales,f__Ruminococcaceae,g__Gemmiger,s__Gemmiger variabilis
GCF_900186885.1_48903_D01_genomic,d__Bacteria;p__Firmicutes_C;c__Negativicutes;o__Veillonellales;f__Veillonellaceae;g__Veillonella;s__Veillonella parvula,d__Bacteria,p__Firmicutes_C,c__Negativicutes,o__Veillonellales,f__Veillonellaceae,g__Veillonella,s__Veillonella parvula
GCF_900450505.1_51765_F02_genomic,d__Bacteria;p__Actinobacteriota;c__Coriobacteriia;o__Coriobacteriales;f__Eggerthellaceae;g__Slackia;s__Slackia exigua,d__Bacteria,p__Actinobacteriota,c__Coriobacteriia,o__Coriobacteriales,f__Eggerthellaceae,g__Slackia,s__Slackia exigua
GCF_900454855.1_57800_F01_genomic,d__Bacteria;p__Bacteroidota;c__Bacteroidia;o__Bacteroidales;f__Bacteroidaceae;g__Prevotella;s__Prevotella buccae,d__Bacteria,p__Bacteroidota,c__Bacteroidia,o__Bacteroidales,f__Bacteroidaceae,g__Prevotella,s__Prevotella buccae
GCF_900459355.1_41906_A02_genomic,d__Bacteria;p__Firmicutes;c__Bacilli;o__Lactobacillales;f__Streptococcaceae;g__Streptococcus;s__Streptococcus parasanguinis,d__Bacteria,p__Firmicutes,c__Bacilli,o__Lactobacillales,f__Streptococcaceae,g__Streptococcus,s__Streptococcus parasanguinis
GCF_900537995.1_Roseburia_intestinalis_strain_L1-82_genomic,d__Bacteria;p__Firmicutes_A;c__Clostridia;o__Lachnospirales;f__Lachnospiraceae;g__Roseburia;s__Roseburia intestinalis,d__Bacteria,p__Firmicutes_A,c__Clostridia,o__Lachnospirales,f__Lachnospiraceae,g__Roseburia,s__Roseburia intestinalis
GCF_900624755.1_81E7_genomic,d__Bacteria;p__Bacteroidota;c__Bacteroidia;o__Bacteroidales;f__Rikenellaceae;g__Alistipes;s__Alistipes senegalensis,d__Bacteria,p__Bacteroidota,c__Bacteroidia,o__Bacteroidales,f__Rikenellaceae,g__Alistipes,s__Alistipes senegalensis
GCF_900637515.1_51184_A01_genomic,d__Bacteria;p__Firmicutes_C;c__Negativicutes;o__Veillonellales;f__Veillonellaceae;g__Veillonella;s__Veillonella dispar,d__Bacteria,p__Firmicutes_C,c__Negativicutes,o__Veillonellales,f__Veillonellaceae,g__Veillonella,s__Veillonella dispar
GCF_900637575.1_52006_A02_genomic,d__Bacteria;p__Actinobacteriota;c__Coriobacteriia;o__Coriobacteriales;f__Eggerthellaceae;g__Slackia;s__Slackia heliotrinireducens,d__Bacteria,p__Actinobacteriota,c__Coriobacteriia,o__Coriobacteriales,f__Eggerthellaceae,g__Slackia,s__Slackia heliotrinireducens
GCF_902362575.1_MGYG-HGUT-00026_genomic,d__Bacteria;p__Firmicutes;c__Bacilli;o__Erysipelotrichales;f__Coprobacillaceae;g__Catenibacterium;s__Catenibacterium mitsuokai,d__Bacteria,p__Firmicutes,c__Bacilli,o__Erysipelotrichales,f__Coprobacillaceae,g__Catenibacterium,s__Catenibacterium mitsuokai
GCF_902362795.1_MGYG-HGUT-00062_genomic,d__Bacteria;p__Firmicutes_A;c__Clostridia;o__Peptostreptococcales;f__Peptostreptococcaceae;g__Intestinibacter;s__Intestinibacter bartlettii,d__Bacteria,p__Firmicutes_A,c__Clostridia,o__Peptostreptococcales,f__Peptostreptococcaceae,g__Intestinibacter,s__Intestinibacter bartlettii
GCF_902373665.1_MGYG-HGUT-01299_genomic,d__Bacteria;p__Firmicutes;c__Bacilli;o__Erysipelotrichales;f__Erysipelotrichaceae;g__Amedibacillus;s__Amedibacillus dolichus,d__Bacteria,p__Firmicutes,c__Bacilli,o__Erysipelotrichales,f__Erysipelotrichaceae,g__Amedibacillus,s__Amedibacillus dolichus
GCF_902373765.1_MGYG-HGUT-01304_genomic,d__Bacteria;p__Firmicutes;c__Bacilli;o__Erysipelotrichales;f__Coprobacillaceae;g__Erysipelatoclostridium;s__Erysipelatoclostridium spiroforme,d__Bacteria,p__Firmicutes,c__Bacilli,o__Erysipelotrichales,f__Coprobacillaceae,g__Erysipelatoclostridium,s__Erysipelatoclostridium spiroforme
GCF_902373805.1_MGYG-HGUT-01319_genomic,d__Bacteria;p__Firmicutes_A;c__Clostridia;o__Lachnospirales;f__Lachnospiraceae;g__Butyrivibrio_A;s__Butyrivibrio_A crossotus,d__Bacteria,p__Firmicutes_A,c__Clostridia,o__Lachnospirales,f__Lachnospiraceae,g__Butyrivibrio_A,s__Butyrivibrio_A crossotus
GCF_902373865.1_MGYG-HGUT-01321_genomic,d__Bacteria;p__Desulfobacterota_I;c__Desulfovibrionia;o__Desulfovibrionales;f__Desulfovibrionaceae;g__Desulfovibrio;s__Desulfovibrio piger,d__Bacteria,p__Desulfobacterota_I,c__Desulfovibrionia,o__Desulfovibrionales,f__Desulfovibrionaceae,g__Desulfovibrio,s__Desulfovibrio piger
GCF_902373875.1_MGYG-HGUT-01316_genomic,d__Bacteria;p__Firmicutes_C;c__Negativicutes;o__Selenomonadales;f__Selenomonadaceae;g__Mitsuokella;s__Mitsuokella multacida,d__Bacteria,p__Firmicutes_C,c__Negativicutes,o__Selenomonadales,f__Selenomonadaceae,g__Mitsuokella,s__Mitsuokella multacida
GCF_902374375.1_MGYG-HGUT-01364_genomic,d__Bacteria;p__Bacteroidota;c__Bacteroidia;o__Bacteroidales;f__Bacteroidaceae;g__Phocaeicola;s__Phocaeicola plebeius,d__Bacteria,p__Bacteroidota,c__Bacteroidia,o__Bacteroidales,f__Bacteroidaceae,g__Phocaeicola,s__Phocaeicola plebeius
GCF_902381715.1_UHGG_MGYG-HGUT-01440_genomic,d__Bacteria;p__Firmicutes_C;c__Negativicutes;o__Acidaminococcales;f__Acidaminococcaceae;g__Acidaminococcus;s__Acidaminococcus intestini,d__Bacteria,p__Firmicutes_C,c__Negativicutes,o__Acidaminococcales,f__Acidaminococcaceae,g__Acidaminococcus,s__Acidaminococcus intestini
GCF_902387545.1_UHGG_MGYG-HGUT-02478_genomic,d__Bacteria;p__Bacteroidota;c__Bacteroidia;o__Bacteroidales;f__Bacteroidaceae;g__Phocaeicola;s__Phocaeicola dorei,d__Bacteria,p__Bacteroidota,c__Bacteroidia,o__Bacteroidales,f__Bacteroidaceae,g__Phocaeicola,s__Phocaeicola dorei
GCF_902387955.1_UHGG_MGYG-HGUT-02517_genomic,d__Bacteria;p__Firmicutes_A;c__Clostridia;o__Lachnospirales;f__Lachnospiraceae;g__Roseburia;s__Roseburia hominis,d__Bacteria,p__Firmicutes_A,c__Clostridia,o__Lachnospirales,f__Lachnospiraceae,g__Roseburia,s__Roseburia hominis
GCF_902501455.1_DSM13632_genomic,d__Bacteria;p__Actinobacteriota;c__Coriobacteriia;o__Coriobacteriales;f__Coriobacteriaceae;g__Collinsella;s__Collinsella intestinalis,d__Bacteria,p__Actinobacteriota,c__Coriobacteriia,o__Coriobacteriales,f__Coriobacteriaceae,g__Collinsella,s__Collinsella intestinalis
GCF_902858935.1_Ssal_L25_genomic,d__Bacteria;p__Firmicutes;c__Bacilli;o__Lactobacillales;f__Streptococcaceae;g__Streptococcus;s__Streptococcus salivarius,d__Bacteria,p__Firmicutes,c__Bacilli,o__Lactobacillales,f__Streptococcaceae,g__Streptococcus,s__Streptococcus salivarius
GCF_903886475.1_Streptococcus_thermophilus_CIRM_65_genomic,d__Bacteria;p__Firmicutes;c__Bacilli;o__Lactobacillales;f__Streptococcaceae;g__Streptococcus;s__Streptococcus thermophilus,d__Bacteria,p__Firmicutes,c__Bacilli,o__Lactobacillales,f__Streptococcaceae,g__Streptococcus,s__Streptococcus thermophilus
